XDAT,Picture,CONDITION,TRIALTYPE,OCCURANCE,"X (Upper Left)_1","Y(Upper Left)_1",Width_1,Height_1,"Eyes X_1","Eyes Y_1","Eyes W_1","Eyes H_1","Nose X_1","Nose Y_1","Nose W_1","Nose H_1","Mouth X_1","Mouth Y_1","Mouth W_1","Mouth H_1","X (Upper Left)_2","Y (Upper Left)_2",Width_2,Height_2,"Eyes X_2","Eyes Y_2","Eyes W_2","Eyes H_2","Nose X_2","Nose Y_2","Nose W_2","Nose H_2","Mouth X_2","Mouth Y_2","Mouth W_2","Mouth H_2","X (Upper Left)_3","Y (Upper Left)_3",Width_3,Height_3,"Eyes X_3","Eyes Y_3","Eyes W_3","Eyes H_3","Nose X_3","Nose Y_3","Nose W_3","Nose H_3","Mouth X_3","Mouth Y_3","Mouth W_3","Mouth H_3","X (Upper Left)_4","Y (Upper Left)_4",Width_4,Height_4,"Eyes X_4","Eyes Y_4","Eyes W_4","Eyes H_4","Nose X_4","Nose Y_4","Nose W_4","Nose H_4","Mouth X_4","Mouth Y_4","Mouth W_4","Mouth H_4","X (Upper Left)_5","Y (Upper Left)_5",Width_5,Height_5,"Eyes X_5","Eyes Y_5","Eyes W_5","Eyes H_5","Nose X_5","Nose Y_5","Nose W_5","Nose H_5","Mouth X_5","Mouth Y_5","Mouth W_5","Mouth H_5","X (Upper Left)_6","Y (Upper Left)_6",Width_6,Height_6,"Eyes X_6","Eyes Y_6","Eyes W_6","Eyes H_6","Nose X_6","Nose Y_6","Nose W_6","Nose H_6","Mouth X_6","Mouth Y_6","Mouth W_6","Mouth H_6"
11,Bob_left_study.jpg,1,1,1,279,181,93,135,283,208,73,36,293,243,39,22,288,263,53,25,,,,,,,,,,,,,,,,,,,,,,,,,,,,,,,,,,,,,,,,,,,,,,,,,,,,,,,,,,,,,,,,,,,,,,,,,,,,,,,,
12,Bob_frontal_study.jpg,1,1,1,271,177,101,143,283,207,74,31,302,239,38,23,294,262,54,22,,,,,,,,,,,,,,,,,,,,,,,,,,,,,,,,,,,,,,,,,,,,,,,,,,,,,,,,,,,,,,,,,,,,,,,,,,,,,,,,
13,Bob_right_study.jpg,1,1,1,269,181,96,136,294,210,66,34,313,245,39,21,304,266,49,20,,,,,,,,,,,,,,,,,,,,,,,,,,,,,,,,,,,,,,,,,,,,,,,,,,,,,,,,,,,,,,,,,,,,,,,,,,,,,,,,
111,B1_Identical_Left.jpg,1,2,1,277,180,94,140,281,210,71,33,291,244,39,22,286,267,52,22,167,182,104,128,171,205,83,35,184,241,41,20,181,262,56,23,380,183,93,126,383,207,74,31,392,239,38,21,391,261,49,22,,,,,,,,,,,,,,,,,,,,,,,,,,,,,,,,,,,,,,,,,,,,,,,,
112,B2_Identical_Frontal.jpg,1,2,1,370,171,97,140,381,199,75,34,400,235,38,21,393,256,53,21,163,175,108,135,171,191,91,40,197,232,41,23,192,255,53,23,273,192,94,140,279,198,79,33,297,233,41,20,293,255,50,25,,,,,,,,,,,,,,,,,,,,,,,,,,,,,,,,,,,,,,,,,,,,,,,,
113,B3_Identical_Right.jpg,1,2,1,381,174,98,139,403,203,73,35,427,239,39,20,417,260,49,21,164,180,97,129,181,200,75,34,209,235,38,22,198,257,51,24,274,178,94,132,287,197,79,36,315,234,39,22,307,257,50,24,,,,,,,,,,,,,,,,,,,,,,,,,,,,,,,,,,,,,,,,,,,,,,,,
21,Dan_Left_study.jpg,1,1,1,277,176,99,139,281,201,76,31,292,233,40,21,289,256,48,29,,,,,,,,,,,,,,,,,,,,,,,,,,,,,,,,,,,,,,,,,,,,,,,,,,,,,,,,,,,,,,,,,,,,,,,,,,,,,,,,
22,Dan_frontal_study.jpg,1,1,1,264,176,110,140,280,197,84,33,301,231,41,23,294,256,53,27,,,,,,,,,,,,,,,,,,,,,,,,,,,,,,,,,,,,,,,,,,,,,,,,,,,,,,,,,,,,,,,,,,,,,,,,,,,,,,,,
23,Dan_right_study.jpg,1,1,1,258,177,109,139,282,197,83,33,314,232,40,22,308,255,49,27,,,,,,,,,,,,,,,,,,,,,,,,,,,,,,,,,,,,,,,,,,,,,,,,,,,,,,,,,,,,,,,,,,,,,,,,,,,,,,,,
121,D1_Identical_Left.jpg,1,2,1,281,170,91,127,284,190,73,29,296,221,35,19,293,241,46,27,175,169,95,129,177,189,80,32,191,222,37,21,190,244,46,25,380,170,93,127,381,186,75,32,393,219,40,23,391,243,49,26,,,,,,,,,,,,,,,,,,,,,,,,,,,,,,,,,,,,,,,,,,,,,,,,
122,D2_Identical_Frontal.jpg,1,2,1,382,182,93,117,389,198,80,28,411,228,38,20,406,249,48,25,172,180,95,121,175,197,86,32,198,230,39,19,193,250,53,27,275,181,103,121,289,195,77,33,308,228,39,21,301,250,52,26,,,,,,,,,,,,,,,,,,,,,,,,,,,,,,,,,,,,,,,,,,,,,,,,
123,D3_Identical_Right.jpg,1,2,1,372,174,98,123,394,188,71,32,420,221,37,21,414,243,46,25,166,175,93,119,182,188,75,33,209,222,40,22,199,245,53,24,272,172,89,124,284,188,75,33,310,221,39,21,307,243,47,23,,,,,,,,,,,,,,,,,,,,,,,,,,,,,,,,,,,,,,,,,,,,,,,,
31,Jim_left.jpg,1,1,1,275,176,107,140,275,199,85,34,290,234,41,24,287,259,56,25,,,,,,,,,,,,,,,,,,,,,,,,,,,,,,,,,,,,,,,,,,,,,,,,,,,,,,,,,,,,,,,,,,,,,,,,,,,,,,,,
32,Jim_front.jpg,1,1,1,268,177,106,140,276,199,90,34,301,234,40,23,292,258,60,25,,,,,,,,,,,,,,,,,,,,,,,,,,,,,,,,,,,,,,,,,,,,,,,,,,,,,,,,,,,,,,,,,,,,,,,,,,,,,,,,
33,Jim_right.jpg,1,1,1,256,177,112,139,281,199,84,34,312,234,43,22,301,257,56,27,,,,,,,,,,,,,,,,,,,,,,,,,,,,,,,,,,,,,,,,,,,,,,,,,,,,,,,,,,,,,,,,,,,,,,,,,,,,,,,,
131,J_1_Iden_L.jpg,1,2,1,381,183,99,122,383,197,76,33,395,231,39,20,394,252,51,24,176,181,86,121,177,203,69,31,183,235,35,18,182,254,42,22,275,187,100,118,277,205,80,29,289,235,39,20,291,256,46,24,,,,,,,,,,,,,,,,,,,,,,,,,,,,,,,,,,,,,,,,,,,,,,,,
132,J_2_Iden_Front.jpg,1,2,1,379,179,99,129,384,201,87,33,409,235,39,20,401,257,57,22,160,173,107,135,166,191,95,38,194,231,40,20,188,252,55,25,270,178,107,126,279,197,90,34,303,232,41,20,295,253,55,23,,,,,,,,,,,,,,,,,,,,,,,,,,,,,,,,,,,,,,,,,,,,,,,,
133,J_3_Iden_R.jpg,1,2,1,167,180,94,125,186,203,74,31,213,234,36,19,203,254,51,22,271,184,96,125,289,201,75,33,313,235,40,20,308,256,47,26,375,182,93,122,392,203,76,32,417,236,38,21,407,258,50,21,,,,,,,,,,,,,,,,,,,,,,,,,,,,,,,,,,,,,,,,,,,,,,,,
41,Matt_left_cropped.jpg,1,1,1,273,177,109,140,275,192,86,42,292,235,44,23,293,259,52,24,,,,,,,,,,,,,,,,,,,,,,,,,,,,,,,,,,,,,,,,,,,,,,,,,,,,,,,,,,,,,,,,,,,,,,,,,,,,,,,,
42,Matt_front.jpg,1,1,1,263,176,113,142,271,193,96,39,296,233,47,23,292,257,55,26,,,,,,,,,,,,,,,,,,,,,,,,,,,,,,,,,,,,,,,,,,,,,,,,,,,,,,,,,,,,,,,,,,,,,,,,,,,,,,,,
43,Matt_right_cropped.jpg,1,1,1,251,177,115,140,272,193,91,41,305,235,45,24,300,259,53,26,,,,,,,,,,,,,,,,,,,,,,,,,,,,,,,,,,,,,,,,,,,,,,,,,,,,,,,,,,,,,,,,,,,,,,,,,,,,,,,,
141,M_1_Iden_L.jpg,1,2,1,271,185,97,121,274,200,76,35,287,236,40,21,287,258,47,21,172,184,93,121,174,201,76,31,187,233,37,19,186,253,47,25,383,183,91,122,385,201,72,32,394,234,37,22,393,257,48,23,,,,,,,,,,,,,,,,,,,,,,,,,,,,,,,,,,,,,,,,,,,,,,,,
142,M_2_Iden_Front.jpg,1,2,1,375,180,97,129,382,201,84,34,403,236,40,21,399,258,49,21,161,182,99,126,167,196,86,34,188,231,44,22,185,254,51,25,271,181,93,128,274,202,84,31,297,234,43,21,291,256,56,23,,,,,,,,,,,,,,,,,,,,,,,,,,,,,,,,,,,,,,,,,,,,,,,,
143,M_3_Iden_R.jpg,1,2,1,165,181,96,125,183,201,75,36,207,239,40,20,204,259,45,21,296,183,93,124,283,203,79,32,311,236,38,20,303,257,47,24,372,186,95,127,382,203,83,32,410,236,41,23,404,260,50,24,,,,,,,,,,,,,,,,,,,,,,,,,,,,,,,,,,,,,,,,,,,,,,,,
51,Nate_left_cropped.jpg,1,1,1,281,177,103,139,283,196,84,38,295,235,41,23,293,259,55,25,,,,,,,,,,,,,,,,,,,,,,,,,,,,,,,,,,,,,,,,,,,,,,,,,,,,,,,,,,,,,,,,,,,,,,,,,,,,,,,,
52,Nate_front_cropped.jpg,1,1,1,269,177,102,139,276,198,91,36,299,235,43,23,294,259,56,24,,,,,,,,,,,,,,,,,,,,,,,,,,,,,,,,,,,,,,,,,,,,,,,,,,,,,,,,,,,,,,,,,,,,,,,,,,,,,,,,
53,Nate_right_cropped.jpg,1,1,1,259,177,103,140,276,190,83,42,308,233,43,22,301,256,53,27,,,,,,,,,,,,,,,,,,,,,,,,,,,,,,,,,,,,,,,,,,,,,,,,,,,,,,,,,,,,,,,,,,,,,,,,,,,,,,,,
151,N_1_Iden_L.jpg,1,2,1,379,177,100,133,380,194,82,36,391,231,42,22,391,254,55,25,170,175,95,131,172,196,80,34,184,231,41,22,182,254,53,25,276,178,93,131,278,196,77,34,289,231,39,21,288,253,50,27,,,,,,,,,,,,,,,,,,,,,,,,,,,,,,,,,,,,,,,,,,,,,,,,
152,N_2_Iden_Front.jpg,1,2,1,163,177,99,133,168,196,87,35,191,232,40,22,186,255,54,24,272,181,96,127,277,197,84,34,300,232,38,22,294,255,55,27,371,180,104,128,379,193,89,38,404,232,43,21,397,254,53,23,,,,,,,,,,,,,,,,,,,,,,,,,,,,,,,,,,,,,,,,,,,,,,,,
153,N_3_Iden_R.jpg,1,2,1,375,180,96,132,387,193,82,39,419,232,42,22,413,255,51,26,165,180,86,125,177,199,72,32,206,232,36,18,199,251,46,27,267,183,99,124,280,200,82,30,309,231,40,22,301,254,52,28,,,,,,,,,,,,,,,,,,,,,,,,,,,,,,,,,,,,,,,,,,,,,,,,
61,Zack_left_cropped.jpg,1,1,1,276,177,103,138,278,197,81,37,290,235,43,25,289,261,48,29,,,,,,,,,,,,,,,,,,,,,,,,,,,,,,,,,,,,,,,,,,,,,,,,,,,,,,,,,,,,,,,,,,,,,,,,,,,,,,,,
62,Zack_front_cropped.jpg,1,1,1,265,177,106,140,272,192,94,39,297,233,44,25,292,259,54,27,,,,,,,,,,,,,,,,,,,,,,,,,,,,,,,,,,,,,,,,,,,,,,,,,,,,,,,,,,,,,,,,,,,,,,,,,,,,,,,,
63,Zack_right_cropped.jpg,1,1,1,257,177,108,139,276,194,86,39,309,235,42,23,302,258,51,30,,,,,,,,,,,,,,,,,,,,,,,,,,,,,,,,,,,,,,,,,,,,,,,,,,,,,,,,,,,,,,,,,,,,,,,,,,,,,,,,
161,Z_1_Iden_L.jpg,1,2,1,173,184,92,116,174,200,74,33,185,234,38,21,184,256,43,25,275,182,95,120,277,198,74,34,289,233,36,19,288,253,46,25,383,182,91,121,385,199,74,32,394,232,39,20,393,253,49,24,,,,,,,,,,,,,,,,,,,,,,,,,,,,,,,,,,,,,,,,,,,,,,,,
162,Z_2_Iden_Front.jpg,1,2,1,387,183,91,122,392,201,80,34,412,236,40,20,408,257,47,25,164,188,96,120,171,200,81,33,192,235,39,19,187,254,48,24,274,188,92,120,279,201,80,33,297,235,42,22,293,258,53,24,,,,,,,,,,,,,,,,,,,,,,,,,,,,,,,,,,,,,,,,,,,,,,,,
163,Z_3_Iden_R.jpg,1,2,1,162,179,94,126,179,197,74,34,205,232,38,21,200,254,45,26,267,179,90,126,282,199,73,32,307,232,39,21,299,254,48,25,379,180,87,122,394,199,71,34,415,234,42,21,409,257,45,23,,,,,,,,,,,,,,,,,,,,,,,,,,,,,,,,,,,,,,,,,,,,,,,,
72,AA_Review_Image.jpg,2,1,1,111,103,109,154,125,139,82,34,147,174,41,25,137,200,60,24,270,173,111,161,283,141,88,34,308,176,41,24,301,201,55,29,415,104,110,158,424,142,93,36,448,179,42,24,440,204,62,28,111,317,109,143,119,345,92,38,143,385,43,23,139,408,52,24,264,304,112,155,272,337,96,40,298,378,44,25,291,404,60,26,416,321,103,139,424,347,90,36,445,384,44,24,440,409,53,29
145,M_5_Front_Halflit.jpg,2,2,1,146,207,108,138,156,227,92,38,179,266,43,22,172,289,56,25,268,208,108,139,273,228,96,35,298,263,44,24,290,288,62,30,382,204,111,141,394,228,87,34,416,263,44,22,408,287,59,25,,,,,,,,,,,,,,,,,,,,,,,,,,,,,,,,,,,,,,,,,,,,,,,,
153,N_8_13_R_Pro_dark.jpg,2,2,1,261,206,100,139,277,226,80,35,209,261,42,23,303,286,50,28,148,207,99,134,159,223,84,36,190,260,44,23,186,284,50,28,375,210,101,131,396,231,76,33,420,265,43,20,414,286,51,24,,,,,,,,,,,,,,,,,,,,,,,,,,,,,,,,,,,,,,,,,,,,,,,,
161,Z_6_23_Pro_L.jpg,2,2,1,154,209,80,125,156,228,63,32,157,261,36,24,160,286,38,25,266,209,87,131,269,225,63,31,268,257,42,23,271,280,47,29,391,208,90,133,393,229,69,35,391,265,45,21,396,287,43,26,,,,,,,,,,,,,,,,,,,,,,,,,,,,,,,,,,,,,,,,,,,,,,,,
125,D5_Halflit_Frontal.jpg,2,2,1,393,201,103,132,404,219,82,32,429,253,38,22,420,275,54,30,151,199,105,137,158,219,90,35,183,255,40,21,177,277,54,27,273,201,113,130,283,218,95,35,309,254,43,22,298,277,61,25,,,,,,,,,,,,,,,,,,,,,,,,,,,,,,,,,,,,,,,,,,,,,,,,
115,B7_Bottomlit_Frontal.jpg,2,2,1,391,212,102,128,403,230,78,33,421,264,40,22,414,286,58,25,145,210,110,130,154,228,92,36,179,265,42,22,170,288,60,25,272,210,105,133,282,229,85,33,305,263,42,22,297,286,55,27,,,,,,,,,,,,,,,,,,,,,,,,,,,,,,,,,,,,,,,,,,,,,,,,
131,J_6_23_L_Pro.jpg,2,2,1,276,202,91,138,277,228,66,32,276,261,42,23,281,285,48,25,148,205,98,136,148,223,73,36,150,260,43,22,155,283,44,29,389,208,99,130,390,224,75,35,393,260,42,24,401,285,48,27,,,,,,,,,,,,,,,,,,,,,,,,,,,,,,,,,,,,,,,,,,,,,,,,
125,D7_Bottomlit_Frontal.jpg,2,2,2,149,213,100,127,162,228,81,32,184,261,38,22,174,283,56,29,272,216,104,126,280,231,90,35,304,267,43,22,298,290,56,27,391,210,102,137,398,229,89,34,420,264,45,22,414,287,56,28,,,,,,,,,,,,,,,,,,,,,,,,,,,,,,,,,,,,,,,,,,,,,,,,
162,Z_5_Front_Half.jpg,2,2,1,389,207,102,141,396,228,89,37,419,266,42,25,414,292,53,28,149,210,104,138,158,228,88,38,180,267,46,23,174,291,57,30,269,209,102,141,276,231,90,42,298,274,40,21,291,296,55,28,,,,,,,,,,,,,,,,,,,,,,,,,,,,,,,,,,,,,,,,,,,,,,,,
141,M_6_23_L_Pro.jpg,2,2,1,267,210,98,132,267,226,71,38,273,264,41,23,277,288,45,23,150,209,96,130,155,230,68,34,153,265,44,22,157,288,43,28,383,210,100,133,385,228,71,39,391,268,43,23,393,292,48,28,,,,,,,,,,,,,,,,,,,,,,,,,,,,,,,,,,,,,,,,,,,,,,,,
135,J_7_Bottom_Lit.jpg,2,2,1,388,208,109,139,394,227,93,37,420,265,44,23,410,289,66,27,148,201,103,143,156,221,88,37,178,259,47,24,173,284,59,32,267,205,109,140,276,227,89,36,298,264,43,22,290,287,60,31,,,,,,,,,,,,,,,,,,,,,,,,,,,,,,,,,,,,,,,,,,,,,,,,
153,N_4_23_R_Pro.jpg,2,2,2,264,205,99,140,284,221,74,40,318,262,45,23,312,286,46,29,142,205,95,138,165,230,70,37,194,268,40,22,184,291,43,25,390,209,92,137,406,231,76,39,436,271,44,24,428,296,46,27,,,,,,,,,,,,,,,,,,,,,,,,,,,,,,,,,,,,,,,,,,,,,,,,
143,M_8_13_R_Pro_dark.jpg,2,2,1,382,209,107,134,400,229,84,38,429,268,45,21,427,289,52,25,140,206,116,140,164,227,88,37,195,265,45,23,186,289,60,28,267,207,111,143,289,229,86,36,321,266,40,24,313,290,50,27,,,,,,,,,,,,,,,,,,,,,,,,,,,,,,,,,,,,,,,,,,,,,,,,
135,J_5_Front_Halflit.jpg,2,2,2,263,200,112,145,271,221,96,36,298,258,42,25,286,284,66,28,147,203,104,140,153,220,90,36,178,257,43,26,172,284,60,27,385,202,109,142,395,224,90,37,420,262,40,24,411,287,56,25,,,,,,,,,,,,,,,,,,,,,,,,,,,,,,,,,,,,,,,,,,,,,,,,
152,N_7_Front_Bot.jpg,2,2,1,150,206,107,135,159,223,88,38,182,262,43,24,174,287,61,25,269,206,108,139,282,226,85,33,302,260,43,24,294,285,59,28,388,202,103,141,395,221,89,38,418,260,47,23,412,284,60,33,,,,,,,,,,,,,,,,,,,,,,,,,,,,,,,,,,,,,,,,,,,,,,,,
163,Z_4_23_Pro_R.jpg,2,2,1,259,206,90,135,276,225,68,35,308,261,41,25,303,287,40,26,143,205,92,133,166,227,64,32,193,260,42,23,184,284,43,28,378,208,96,138,393,229,81,36,427,266,42,21,417,288,50,28,,,,,,,,,,,,,,,,,,,,,,,,,,,,,,,,,,,,,,,,,,,,,,,,
123,D8_13_Profile_R.jpg,2,2,1,270,202,101,138,291,223,79,34,319,257,40,23,313,281,50,30,148,202,117,141,169,220,94,39,203,260,45,24,193,283,62,28,381,207,104,135,399,221,84,36,430,258,44,22,423,281,54,31,,,,,,,,,,,,,,,,,,,,,,,,,,,,,,,,,,,,,,,,,,,,,,,,
142,M_7_Front_Bot.jpg,2,2,1,275,203,109,140,282,224,94,39,308,264,43,22,300,287,59,24,152,206,111,139,156,223,93,37,176,261,40,24,170,285,57,27,394,203,106,144,400,225,92,35,424,261,46,23,416,285,62,29,,,,,,,,,,,,,,,,,,,,,,,,,,,,,,,,,,,,,,,,,,,,,,,,
113,B4_23_pro_ri.jpg,2,2,1,269,205,89,139,293,231,64,34,318,266,40,21,310,288,42,23,160,205,95,133,184,228,68,35,207,264,40,22,199,287,45,27,378,204,92,138,400,231,68,34,424,266,41,22,413,289,49,25,,,,,,,,,,,,,,,,,,,,,,,,,,,,,,,,,,,,,,,,,,,,,,,,
121,D6_23_Profile_L.jpg,2,2,1,156,207,93,138,158,224,66,33,157,258,39,23,157,282,45,31,272,206,97,139,272,226,77,35,275,262,47,23,281,286,48,29,397,206,90,135,400,228,73,34,397,263,42,21,402,285,46,28,,,,,,,,,,,,,,,,,,,,,,,,,,,,,,,,,,,,,,,,,,,,,,,,
155,N_5_Front_Half.jpg,2,2,1,380,205,110,143,387,220,94,40,412,261,45,25,405,287,63,26,144,201,110,144,153,224,89,40,176,265,45,25,170,291,57,28,266,203,107,145,272,223,92,38,296,262,44,22,289,285,61,30,,,,,,,,,,,,,,,,,,,,,,,,,,,,,,,,,,,,,,,,,,,,,,,,
111,B6_23_pro_L.jpg,2,2,1,160,200,114,159,164,235,69,34,160,270,45,24,166,295,47,25,282,200,102,155,283,228,72,34,282,263,44,23,286,287,44,27,391,197,113,155,395,228,73,33,391,262,43,24,394,286,43,31,,,,,,,,,,,,,,,,,,,,,,,,,,,,,,,,,,,,,,,,,,,,,,,,
163,Z_8_13_Pro_R_dark.jpg,2,2,2,268,212,98,133,279,230,84,37,312,268,43,23,307,292,51,29,148,213,88,131,160,228,74,36,186,265,40,24,183,290,46,28,396,212,93,135,410,231,77,39,436,271,41,22,427,294,50,27,,,,,,,,,,,,,,,,,,,,,,,,,,,,,,,,,,,,,,,,,,,,,,,,
133,J_4_23_R_Pro.jpg,2,2,1,265,201,100,148,293,231,68,33,323,265,42,22,313,288,45,26,143,205,107,143,179,224,68,40,207,265,43,23,200,289,42,27,382,206,108,145,415,231,69,34,448,266,42,22,441,289,42,29,,,,,,,,,,,,,,,,,,,,,,,,,,,,,,,,,,,,,,,,,,,,,,,,
113,B8_13_pro_R_HS.jpg,2,2,2,152,202,97,141,167,223,79,37,194,261,40,24,184,286,53,25,268,199,101,146,289,231,78,36,315,268,44,21,307,290,55,23,384,200,112,145,408,226,86,36,436,264,45,23,428,287,55,29,,,,,,,,,,,,,,,,,,,,,,,,,,,,,,,,,,,,,,,,,,,,,,,,
143,M_4_23_R_Pro.jpg,2,2,2,386,202,95,141,407,227,72,37,437,265,41,21,432,287,43,22,144,203,94,139,166,226,65,32,198,259,40,20,191,280,41,30,262,210,100,128,288,222,71,40,316,263,46,21,313,285,43,31,,,,,,,,,,,,,,,,,,,,,,,,,,,,,,,,,,,,,,,,,,,,,,,,
133,J_8_13_r_pro_dark.jpg,2,2,2,148,200,111,145,167,223,89,37,200,261,44,21,189,283,60,29,265,198,112,144,287,221,87,38,315,259,45,24,306,284,56,30,383,200,106,143,402,221,84,37,430,259,43,22,425,283,53,28,,,,,,,,,,,,,,,,,,,,,,,,,,,,,,,,,,,,,,,,,,,,,,,,
162,Z_7_Front_Bot.jpg,2,2,2,277,204,103,135,284,221,90,37,307,259,44,24,301,284,56,28,157,206,102,129,161,221,92,36,187,258,42,24,180,283,55,25,390,207,104,135,399,227,87,38,422,266,42,23,415,290,55,22,,,,,,,,,,,,,,,,,,,,,,,,,,,,,,,,,,,,,,,,,,,,,,,,
123,D4_23_profile_R.jpg,2,2,2,155,203,94,141,182,223,63,22,209,256,40,23,203,280,43,29,269,208,94,136,293,226,67,37,319,264,41,23,311,288,45,28,376,213,99,132,395,231,76,37,425,269,40,22,419,292,47,26,,,,,,,,,,,,,,,,,,,,,,,,,,,,,,,,,,,,,,,,,,,,,,,,
151,N_6_23_L_Pro.jpg,2,2,1,149,204,102,143,154,219,78,44,149,264,49,24,155,289,49,26,266,204,118,142,270,222,80,39,270,262,48,25,277,288,54,28,395,203,107,144,400,220,73,42,395,264,44,25,401,289,47,31,,,,,,,,,,,,,,,,,,,,,,,,,,,,,,,,,,,,,,,,,,,,,,,,
115,B5_halflit_frontal.jpg,2,2,2,388,207,105,139,401,230,79,37,421,268,41,21,412,290,59,23,147,209,107,141,154,229,90,34,175,264,46,24,169,289,62,31,266,209,111,135,274,230,91,34,297,265,43,23,290,289,62,28,,,,,,,,,,,,,,,,,,,,,,,,,,,,,,,,,,,,,,,,,,,,,,,,
72,AA_Review_Image.jpg,3,1,1,111,103,109,154,125,139,82,34,147,174,41,25,137,200,60,24,270,173,111,161,283,141,88,34,308,176,41,24,301,201,55,29,415,104,110,158,424,142,93,36,448,179,42,24,440,204,62,28,111,317,109,143,119,345,92,38,143,385,43,23,139,408,52,24,264,304,112,155,272,337,96,40,298,378,44,25,291,404,60,26,416,321,103,139,424,347,90,36,445,384,44,24,440,409,53,29
162,Z_12_Front_Noisy.jpg,3,2,1,272,208,101,137,279,226,86,36,302,263,42,24,297,288,51,26,151,207,105,137,158,224,90,36,182,261,44,27,177,289,57,29,391,208,101,137,396,228,92,39,423,268,43,24,418,293,52,25,,,,,,,,,,,,,,,,,,,,,,,,,,,,,,,,,,,,,,,,,,,,,,,,
143,M_11_23_N_R_Pro.jpg,3,2,1,381,203,100,143,406,224,71,38,435,263,43,23,430,287,43,25,144,203,102,143,171,228,74,36,198,265,47,25,191,291,45,29,266,202,93,144,287,221,67,35,317,257,42,22,316,280,43,27,,,,,,,,,,,,,,,,,,,,,,,,,,,,,,,,,,,,,,,,,,,,,,,,
121,D10_Noisy_13_Profile_L.jpg,3,2,1,162,203,111,138,169,218,78,35,178,254,40,24,175,279,52,29,280,206,115,134,282,220,88,35,297,256,43,24,297,281,51,27,397,206,103,130,399,219,83,44,411,264,42,21,417,286,47,25,,,,,,,,,,,,,,,,,,,,,,,,,,,,,,,,,,,,,,,,,,,,,,,,
132,J_12_Frontal_HS.jpg,3,2,1,144,203,111,143,152,219,94,38,177,259,45,25,168,284,64,28,266,207,110,141,273,220,97,42,296,263,52,24,290,288,60,29,396,204,104,140,402,226,92,40,430,267,43,26,423,294,53,23,,,,,,,,,,,,,,,,,,,,,,,,,,,,,,,,,,,,,,,,,,,,,,,,
133,J_11_23_pro_R.jpg,3,2,1,383,203,99,145,410,226,66,36,434,263,48,22,427,286,49,25,151,200,100,143,175,226,71,37,203,264,45,25,196,290,46,25,265,200,95,144,289,222,70,37,317,260,43,23,316,284,42,26,,,,,,,,,,,,,,,,,,,,,,,,,,,,,,,,,,,,,,,,,,,,,,,,
152,N_9_Front_LS.jpg,3,2,1,152,201,105,142,160,220,90,39,183,260,44,23,175,284,60,25,268,197,107,145,278,221,89,41,296,263,50,23,294,287,57,30,389,203,105,138,398,218,87,38,417,257,44,23,415,281,52,27,,,,,,,,,,,,,,,,,,,,,,,,,,,,,,,,,,,,,,,,,,,,,,,,
112,B12_Noisy_frontal_HS.jpg,3,2,1,273,205,112,142,286,223,84,37,306,261,43,26,300,288,56,24,153,203,106,147,160,220,91,38,181,259,47,28,177,288,56,28,396,204,107,143,405,225,90,35,429,261,44,27,424,289,54,27,,,,,,,,,,,,,,,,,,,,,,,,,,,,,,,,,,,,,,,,,,,,,,,,
142,M_12_Front_N_HS.jpg,3,2,1,146,208,111,132,158,226,90,39,185,266,42,25,177,292,53,24,267,213,111,128,277,229,95,37,303,267,42,23,298,291,54,29,387,214,110,128,402,233,83,32,421,267,43,24,416,292,55,27,,,,,,,,,,,,,,,,,,,,,,,,,,,,,,,,,,,,,,,,,,,,,,,,
122,D12_Noisy_Frontal_HS.jpg,3,2,1,267,210,112,137,284,225,83,34,305,260,42,24,299,285,53,29,145,208,112,136,156,224,91,34,181,259,41,24,175,284,54,28,389,209,110,135,396,228,96,36,422,265,42,24,419,290,50,28,,,,,,,,,,,,,,,,,,,,,,,,,,,,,,,,,,,,,,,,,,,,,,,,
163,Z_11_23_Pro_R.jpg,3,2,1,273,210,84,134,284,230,68,34,316,265,40,25,313,291,38,28,158,210,84,130,169,231,70,34,195,266,42,21,186,288,46,26,389,213,83,132,400,233,65,33,429,267,43,25,428,293,38,28,,,,,,,,,,,,,,,,,,,,,,,,,,,,,,,,,,,,,,,,,,,,,,,,
151,N_10_13_L_Pro_dark.jpg,3,2,1,271,206,107,134,274,218,81,40,281,259,45,23,284,283,50,29,152,204,103,136,156,223,83,37,166,261,42,23,166,285,51,28,393,203,99,137,396,222,80,37,408,260,44,24,410,285,47,29,,,,,,,,,,,,,,,,,,,,,,,,,,,,,,,,,,,,,,,,,,,,,,,,
112,B9_Noisy_frontal_LS.jpg,3,2,2,271,209,109,140,285,223,83,40,306,264,43,24,297,289,59,25,152,208,104,139,158,229,92,34,181,264,44,26,175,291,57,25,389,210,115,135,398,227,98,35,424,263,45,25,419,289,55,26,,,,,,,,,,,,,,,,,,,,,,,,,,,,,,,,,,,,,,,,,,,,,,,,
141,M_9_Front_N_LS.jpg,3,2,1,150,206,108,137,159,224,89,38,182,263,44,24,179,288,49,23,270,208,104,136,279,226,87,38,301,265,44,25,297,291,49,25,383,208,107,137,390,225,94,38,417,265,43,25,413,291,51,25,,,,,,,,,,,,,,,,,,,,,,,,,,,,,,,,,,,,,,,,,,,,,,,,
135,J_9_N_Frontal_50.jpg,3,2,1,271,206,107,145,279,228,89,39,301,268,45,24,295,293,57,26,148,207,114,143,163,227,87,36,185,264,43,27,179,292,53,23,387,207,114,148,399,228,90,36,421,265,44,24,416,290,56,30,,,,,,,,,,,,,,,,,,,,,,,,,,,,,,,,,,,,,,,,,,,,,,,,
152,N_12_Front_Noisy.jpg,3,2,2,146,207,99,133,154,223,82,36,175,260,41,23,169,284,53,22,266,206,104,134,274,225,88,33,297,260,40,23,293,284,51,26,388,205,106,135,400,227,83,35,421,263,42,24,415,287,53,23,,,,,,,,,,,,,,,,,,,,,,,,,,,,,,,,,,,,,,,,,,,,,,,,
112,B10_Noisy_13_pro_L.jpg,3,2,3,279,204,102,137,287,222,73,34,292,257,41,24,289,282,55,25,147,201,102,140,151,219,75,37,158,257,45,27,161,285,48,28,395,206,115,136,399,221,87,37,411,259,44,25,411,285,49,25,,,,,,,,,,,,,,,,,,,,,,,,,,,,,,,,,,,,,,,,,,,,,,,,
153,N_11_23_R_Pro.jpg,3,2,1,402,210,85,131,416,226,65,38,444,265,43,21,438,287,44,26,160,201,86,139,175,226,66,36,203,263,43,23,196,287,40,26,276,204,89,138,289,226,71,35,317,262,44,23,310,286,47,27,,,,,,,,,,,,,,,,,,,,,,,,,,,,,,,,,,,,,,,,,,,,,,,,
131,J_10_13_pro_l.jpg,3,2,1,161,204,111,144,165,221,80,37,172,259,46,27,172,287,59,25,280,207,103,137,281,227,81,35,296,263,43,25,296,289,48,27,394,213,108,131,398,223,77,40,408,264,42,25,409,291,52,28,,,,,,,,,,,,,,,,,,,,,,,,,,,,,,,,,,,,,,,,,,,,,,,,
162,Z_9_Front_Noisy.jpg,3,2,2,395,210,98,134,403,232,80,35,426,268,39,23,418,292,51,26,144,209,105,134,155,231,83,34,174,266,43,22,167,289,59,26,263,212,111,134,279,229,84,36,299,266,34,24,292,291,56,26,,,,,,,,,,,,,,,,,,,,,,,,,,,,,,,,,,,,,,,,,,,,,,,,
121,D9_Noisy_Frontal_LS.jpg,3,2,2,144,211,108,137,156,228,86,34,180,263,41,24,176,289,48,30,265,209,114,148,276,227,94,39,300,267,46,25,297,293,53,26,388,209,108,133,394,224,89,40,415,265,39,25,409,291,51,26,,,,,,,,,,,,,,,,,,,,,,,,,,,,,,,,,,,,,,,,,,,,,,,,
141,M_10_N_13_L_Pro_D.jpg,3,2,2,153,204,99,131,155,226,76,34,168,261,38,24,169,286,48,23,264,206,106,128,267,219,82,40,276,260,47,25,284,286,44,21,389,206,111,133,393,218,82,34,403,253,42,24,399,278,55,27,,,,,,,,,,,,,,,,,,,,,,,,,,,,,,,,,,,,,,,,,,,,,,,,
161,Z_10_13_Pro_L.jpg,3,2,1,150,208,105,138,153,226,88,37,164,264,44,26,162,291,50,27,267,209,112,135,271,218,87,36,281,255,44,26,282,282,56,28,390,204,105,140,393,218,84,40,407,259,42,25,408,285,47,25,,,,,,,,,,,,,,,,,,,,,,,,,,,,,,,,,,,,,,,,,,,,,,,,
113,B11_Noise_23_pro_R.jpg,3,2,1,154,203,97,149,180,226,63,37,206,264,43,25,196,290,45,25,265,207,101,143,289,232,73,37,317,270,40,24,315,295,40,26,382,206,102,149,408,226,71,39,445,266,39,26,435,293,41,28,,,,,,,,,,,,,,,,,,,,,,,,,,,,,,,,,,,,,,,,,,,,,,,,
123,D11_Noisy_23_profile_R.jpg,3,2,1,388,207,88,141,413,229,56,32,441,262,35,21,434,284,38,29,155,203,98,144,179,219,70,37,207,257,43,26,203,284,43,26,269,203,98,146,294,231,68,30,219,262,43,25,311,288,48,30,,,,,,,,,,,,,,,,,,,,,,,,,,,,,,,,,,,,,,,,,,,,,,,,
